name,related_1,related_2,related_3,related_4,related_5,related_6,related_7,related_8,related_9,related_10
a certified,network certified,laptops,n certified,computer hardware,windows 7,comptia,troubleshooting,software installation,printers,xp
a certified it technician,n certified,network certified,comptia network certified,comptia a certification,a certified professional,mcdst,windows 7,computer hardware,computer repair,a certified
a certified professional,network certified,comptia network certified,n certified,microsoft certified professional,a certified it technician,troubleshooting,windows 7,active directory,computer hardware,windows server
a quick learner,product validation,great communication skills,vista,good communication skill,people person,project resourcing,new product release,touch typing,excellent communicator,internet savvy
abacus,legal solutions,galileo,timeslips,tabs3,amicus,time matters,amadeus gds,airline ticketing,worldspan,fares
abatement,asbestos,leadbased paint,mold remediation,mold,indoor air quality,remediation,demolition,iicrc certified,structural drying,fire restoration
abb,kuka,siemens,schneider,fanuc,omron,mitsubishi,plc,fanuc robots,automation,allen bradley
abdominal,small parts,sonography,ardms,ultrasound,doppler,abdominal imaging,diagnostic ultrasound,breast,vascular,thyroid
ability to learn,work under pressure,technical ability,confidence,ambition,target driven,testing process,decisioning,production lines,detail orientated,scenography
ability to work independently,excellent time management skills,dependability,correspondence,calendar management,prioritizing,diplomatic,ability to work under pressure,strong customer service skills,excellent presentation skills,ability to multitask
ability to work under pressure,confidence,selfmotivated,leading teams,critical thinking skills,teamwork skills,motivating others,attention to details,coaching skills,excellent communication skills,good communication skills
able to work independently,able to multitask,good interpersonal skills,tabs3,critical thinking skills,highly creative,drive for results,good time management,logical,customer service oriented,following directions
able to work under pressure,able to multitask,meeting deadlines,well organised,multitasker,calm under pressure,flexible working,hard worker,highly adaptable,attention to detail,eager to learn
abnormal psychology,developmental psychology,social psychology,psychology,cognitive psychology,psychopathology,forensic psychology,experimental psychology,clinical psychology,dsmiv,broker price opinion
aboriginal health,aboriginal relations,aboriginal affairs,indigenous education,social determinants of health,indigenous rights,public health,community engagement,rural health,first nations,health promotion
above the line,below the line advertising,advertising,marketing communications,digital marketing,brand management,btl activations,marketing strategy,tvc,ooh,brand activation
absorption spectroscopy,fluorescence spectroscopy,ir spectroscopy,ultrafast spectroscopy,atomic spectroscopy,photoluminescence,spectroscopy,xray spectroscopy,physical chemistry,nmr spectroscopy,organic solar cells
abstract,figurative,fine art,contemporary art,mixed media,painting,art,acrylic,visual arts,abstraction,oil painting
abstract algebra,real analysis,linear algebra,number theory,combinatorics,complex analysis,discrete mathematics,differential geometry,calculus,multivariable calculus,mathematics
abstraction,modern art,figurative art,contemporary art,public art,mixed media,fine art,galleries,visual arts,studio art,acrylic
abuse,depression,trauma,bereavement,anxiety,child sexual abuse,low self esteem,abuse prevention,anxiety disorders,ptsd,sexual trauma
abuse prevention,child abuse prevention,child sexual abuse,substance abuse prevention,violence against women,sexual violence,victim services,abuse,teen pregnancy prevention,sexual trauma,victims of crime
academic,academia,academic editing,higher education management,information seeking,college,student services,academic achievement,content licensing,marc,diplomas
academic achievement,academic journals,high achiever,academic tutoring,academic research,academic writing,dissertation editing,academic support services,academic english,character education,achieve results
academic administration,higher education,faculty development,retaining customers,academic advising,higher education administration,enrollment management,campus,student affairs,distance learning,academia
academic english,english for specific purposes,pronunciation,english grammar,ielts,applied linguistics,toefl,language testing,english literature,tefl,tesol
academic research,academic writing,academic journals,academic english,academic achievement,academic tutoring,academic editing,dissertation editing,textual analysis,academic publishing,research
academic writing,theory,university teaching,lecturing,courses,qualitative research,higher education,research design,academic editing,academic research,social sciences
acca,aat,accounting,cima,financial reporting,financial accounting,management accounting,ifrs,financial analysis,vt,cfa
accent,team center engineering,bex reporting,bex analyzer,xml spy,durable medical equipment,accurate record keeping,,,,
accent reduction,speech therapy,articulation,voice disorders,language disorders,apraxia,voice therapy,dysarthria,speech,phonological disorders,aphasia
acceptance,acceptance testing,site surveys,rollout,edge,nsn,bss,ran,transmission,pdh,gsm
acceptance and commitment therapy,cbt,mindfulness,psychotherapy,mindfulnessbased psychotherapy,psychology,psychological assessment,schema therapy,mental health,clinical psychology,behavioral medicine
acceptance testing,acceptance,rollout,nsn,mw,edge,pdh,ran,node b,rnc,bss
access,microsoft excel,visio,outlook,software documentation,microsoft office,spreadsheets,powerpoint,data entry,data analysis,ms access
access control,cctv,alarm systems,video over ip,video analytics,ip cameras,intrusion,burglar alarm,biometrics,alarms,electronic security
access control management,physical access control,identity management,ip cctv,iam,rbac,identity federation,tivoli access manager,access control,physical security surveys,tivoli identity manager
access gateway,netscaler,citrix,citrix metaframe,application virtualization,xenserver,xendesktop,xenapp,citrix certified administrator,xen,vdi
access management,siteminder,identity federation,rbac,federation,identity management,sso,directory services,iam,idm,saml
accessibility,web standards,usability,wcag,information architecture,card sorting,user experience,w3c,wire framing,section 508,user interface design
accessory design,fashion design,flat sketching,flats,sewing,mood boards,fashion,fashion illustration,patterns,garment construction,trend research
accident,cafeteria plans,insurance,whole life,accident insurance,health savings accounts,disability insurance,term life insurance,critical illness,supplemental insurance,voluntary employee benefits
accident insurance,cafeteria plans,voluntary employee benefits,life insurance,vision insurance,disability insurance,health insurance,critical illness,term life insurance,whole life,flexible spending accounts
accident investigation,behavior based safety,hazard analysis,hazard recognition,occupational health,safety management systems,safety auditing,incident investigation,industrial safety,hazard identification,safety training
accident management,accident claims,credit hire,accident investigation,contract hire,fleet leasing,collision,fleet management,paintless dent repair,fleet operations,fleet services
accident reconstruction,traffic enforcement,criminal investigations,police,patrol,evidence,field training officer,evidence collection,criminal justice,investigation,crime scene
accompaniment,pianist,piano,choral,music education,classical,music history,music theory,organ,choral conducting,ensemble
accordion,piano,music,mandolin,recorder,music theory,ukulele,guitar,singing,composition,music education
account,bank,sage line 100,marketing integrato,account administration,custom,onderzoek,expenditure control,negotiating fees,numeric,cisco certified network associate
account administration,marketing campaigns,sales administration,remote user support,loans administration,owa,exchange activesync,desktop application support,file sharing,queue management,nostro reconciliation
account direction,digital marketing,digital strategy,yellow pages,integrated marketing,advertising,ooh,integrated media,media sales,print media sales,marketing communications
account maintenance,new account opening,opening new accounts,wire transfers,large account sales,customer service,partnership tax returns,trust taxation,bank reconciliations,territory analysis,branch operation
account management,sales process,direct sales,cold calling,b2b,major accounts,sales management,new business development,solution selling,sales operations,sales
account management experience,account executives,enterprise account management,account management,business to business relationship building,clevel relationships,executivelevel relationships,exceeding quotas,territory penetration,territory account management,operational oversight
account manager,product manager,project manager,recruiter,grande distribution,business consultant,general manager,production manager,field sales,event coordinator,sales representative
account reconciliation,general ledger,journal entries,accruals,accounts payable,accounting,fixed assets,accounts receivable,bank reconciliation,financial statements,reconciliations
account retention,customer retention,account management,consultative selling,revenue growth,large account sales,sales pipeline management,territory planning,economic growth,new business development,national account sales
accountability,accountable,multiunit management,district management,multiunit retail management,big box,associate development,new store development,shrink control,integrity,multiunit
accountable,accountability,respectful,dependable,passionate,organized,trustworthy,responsible,professional,decisive,logical thinking
accountable care,population health,healthcare,physician alignment,healthcare consulting,healthcare information technology,managed care,healthcare industry,healthcare management,provider network development,physician network development
accountancy,taxation,management accounts,idea,administratie,limited companies,exact online,capital gains tax,trusteeship,accounting,financial projections
accountant,auditor,limited companies,office manager,attorney,estimator,controller,mba finance,coordinator,partnership accounting,coordinate
accounting,gaap,financial reporting,general ledger,financial statements,financial accounting,internal controls,account reconciliation,tax,fixed assets,auditing
accounting management,frx,monthly close,fixed asset management,accounting system,monthly closing,international accounting,inventory valuation,consolidated financial statements,monthly close process,yearend close
accounting research,accounting,technical accounting research,fasb,gaap,financial reporting,us gaap,technical accounting,auditing,single audit,sec filings
accounting system,accounting applications,accounting,accounting management,ledger,balance sheet,monthly close,financial reporting,yearend close,monthly closing,year end accounts
accreditation,campusvue,retaining customers,campus,quality improvement,enrollment management,academic administration,ncqa,student financial aid,jcaho,healthcare consulting
accredited buyer rep,first time home buyers,sellers,buyer education,buyer representation,real estate,buyer broker,single family homes,buyers,first time sellers,seller representation
accredited luxury home,real estate,buyer representation,sellers,single family homes,first time home buyers,investment properties,condos,new home sales,short sales,residential homes
accuracy,attention to detail,attention to details,meeting deadlines,ability to work under pressure,prioritizing,detail orientation,loyalty,leading teams,correspondence,responsibility
accurate,productive,stress resistant,independent,ambitious,honest,structured,efficient,precise,detailed,decisive
accurate data entry,accurate record keeping,online data entry,multiline phone,copying,ten key,general office skills,postage meter,telephone reception,clerical work,filing
accurate record keeping,accurate data entry,high level of accuracy,close attention to detail,filing,work independently with minimal supervision,customer service,handle confidential information,confidential documents,work in a fast paced environment,data entry
ace,fwsm,asa,nexus 7k,corba,pix,nexus,load balancing,cisco nexus,f5 bigip,boost
ace certified personal trainer,personal training,trx certified,fitness training,strength training,weight training,fitness,trx suspension training,acsm health fitness,special populations,group exercise instruction
ach,electronic payments,remote deposit capture,merchant services,debit cards,payments,gift cards,payment card processing,epayments,payment systems,payment gateways
achiever,learner,relator,maximizer,activator,individualization,includer,competition,restorative,responsibility,developer
acid pro,sound forge,fruity loops,sony vegas,cakewalk sonar,cubase,wavelab,propellerheads reason,serato scratch live,fl studio,sony vegas video
acne,microdermabrasion,skin care,skin,rosacea,chemical peels,skin care products,hyperpigmentation,acne treatment,sensitive skin,spa
acne treatment,rosacea,hyperpigmentation,sensitive skin,chemical peels,skin resurfacing,microdermabrasion,sun damage,acne,skin care,microcurrent
acoustic,architectural acoustics,noise control,vibration control,acoustics,room acoustics,psychoacoustics,environmental noise,acoustic measurement,acoustic modeling,noise reduction
acoustic guitar,electric guitar,rhythm guitar,lead guitar,bass guitar,guitarist,guitar,mandolin,classical guitar,blues guitar,jazz guitar
acoustic measurement,acoustic modeling,architectural acoustics,acoustics,environmental noise,noise control,noise reduction,vibration isolation,vibration control,acoustic,psychoacoustics
acoustic modeling,acoustic measurement,architectural acoustics,environmental noise,acoustics,noise control,noise reduction,vibration isolation,vibration control,acoustic,room acoustics
acoustics,room acoustics,architectural acoustics,psychoacoustics,noise control,acoustic measurement,acoustic modeling,environmental noise,vibration control,acoustic,noise reduction
acquired brain injury,traumatic brain injury,brain injury,cognitive rehabilitation,neurorehabilitation,stroke rehabilitation,neurological disorders,spinal cord injury,rehabilitation,cognition,dysarthria
acquisition,financement,fusion,industrie,requirements,juridique,international experience,financing,production control,cfo,leadership experience
acquisition analysis,business valuation,manda due diligence,mergers,acquisition integration,mergers and acquisitions,board reporting,financial modeling,due diligence,debt structuring,strategic analysis
acquisition integration,mergers and acquisitions,divestitures,mergers,corporate development,restructuring,market entry,strategy,post merger integration,due diligence,executive management
acreage,sellers,buyer representation,single family homes,first time home buyers,listings,new home sales,relocation,relocation buyers,new homes,listing homes
acrobat,illustrator,indesign,photoshop,adobe acrobat,dreamweaver,fireworks,enfocus pitstop,quarkxpress,freehand,flash
acrobatics,circus,circus arts,aerial silks,tumbling,gymnastics,trapeze,lyrical,choreography,stunts,dance
acrylic,mixed media,watercolor,figurative art,painting,fine art,oil painting,visual arts,abstraction,contemporary art,collage
acrylic painting,abstract paintings,landscape painting,portrait painting,oil painting,commissioned art,oil paint,oil pastel,pen,watercolor,charcoal art
act,goldmine,sat,sage crm,gmat,sales logix,act crm,constant contact,sage 200,ipt,sugarcrm
acting,dialects,stage combat,plays,shakespeare,drama,improvisation,theatre,teaching acting,comedy,stage
acting coach,acting,film acting,theatre,drama,plays,acting training,performing arts,voice acting,shakespeare,stage
acting training,teaching acting,acting,acting coach,theatre,voice acting,stage direction,character actor,stage combat,shakespeare,physical comedy
action,motion pictures,stunts,dialogue,action planning,adventure,story structure,science fiction,script,preproduction,challenges
action learning,executive development,executive coaching,management development,culture change,mbti,emotional intelligence,workshop facilitation,leadership development,organizational development,personal development
action plan creation,action plan development,planogram development,pareto charts,constructive feedback,mtbf,cross merchandising,caseload management,organizational vision,welfaretowork,gemba
action plan development,action plan creation,personal development plans,federal and state regulations,corrective actions,multidisciplinary teams,safeguarding adults,disciplinary action,schedule writing,foundries,antisocial behaviour
action research,participatory action research,appreciative inquiry,qualitative research,action learning,educational research,teaching,participatory approaches,participatory planning,curriculum design,business education
action sports,sporting goods,footwear,sportswear,snowboarding,skateboarding,sports marketing,athlete marketing,apparel,bicycle,sporting goods industry
activator,diversified technique,flexion distraction,maximizer,individualization,achiever,includer,learner,relator,extremity adjusting,chiropractic
active,ambitious,hard worker,courteous,smart,responsible,windows 2008,assertive,energetic,attentive,accurate
active directory,group policy,windows server,microsoft exchange,wsus,blackberry enterprise server,sccm,dhcp,servers,dns,vmware
active directory experience,windows server,microsoft exchange,windows 7,exchange 2010and2007and2003,windows 7 migration,server 20002008,active directory,windows remote desktop,systems management server 2003,desktop application support
active dod secret clearance,military experience,security clearance,military training,military,military operations,comsec,readiness,force protection,personnel supervision,dod
active dod top secret clearance,dod,security clearance,military,military operations,military experience,top secret,sci clearance,active tsandsci clearance,active top secret security clearance,siprnet
active learning,social perceptiveness,active listening,service orientation,complex problem solving,learning strategies,operation monitoring,inductive reasoning,reading comprehension,operations analysis,instructing
active listener,empathetic,critical thinker,genuine,social perceptiveness,compassionate,active lifestyle,creative thinker,complex problem solving,respectful,critical thinking
active listening,complex problem solving,social perceptiveness,service orientation,learning strategies,active learning,operation monitoring,speaking,critical thinking,reading comprehension,inductive reasoning
active release,chiropractic,graston technique,diversified technique,sports chiropractic,sports injuries,neck pain,flexion distraction,extremity adjusting,low back pain,back pain
active shooter,police training,taser,patrol,traffic enforcement,field training officer,community policing,field training,criminal investigations,police,dignitary protection
active team player,selfmotivated team playerandbuilder,active learning,energetic team player,learning quickly,true team player,eager to learn new things,strongly selfmotivated,always willing to learn,positive cando attitude,highly reliable
active top secret,security clearance,dod top secret clearance,military,military operations,military experience,dod,active tsandsci clearance,allsource analysis,national security,sci clearance
active top secret security clearance,sci clearance,top secret,military operations,security clearance,military,military experience,dod,national security,joint military operations,interagency coordination
activism,student activism,youth activism,gotv,union organizing campaigns,community organizing,feminism,voter contact,social justice,lgbt rights,political organization
activity based costing,activity based management,product costing,customer profitability,cost allocation,standard costs,cost accounting,balanced scorecard,cost variance analysis,profitability tracking,management accounting
activity based management,activity based costing,customer profitability,balanced scorecard,profitability management,activity coordination,profitability analysis,activity planning,software selection,strategy mapping,cost allocation
actor,singer,dancer,model,director,acting,writer,entertainer,cantante,locutor,theatre
actress,dancer,model,singer,tv host,acting,entertainer,choreographer,theatre,writer,singerandsongwriter
actuarial,actuarial science,reserving,solvency ii,embedded value,actuaries,economic capital,actuarial consulting,insurance,alm,pensions
actuarial consulting,actuarial science,actuaries,defined benefit,pension funds,pensions,embedded value,pension administration,defined contribution,actuarial exams,economic capital
actuarial science,embedded value,actuaries,actuarial consulting,actuarial,actuarial exams,loss reserving,reserving,solvency ii,mcev,economic capital
acupressure,acupuncture,pain,holistic health,reflexology,tui na,cupping,bodywork,shiatsu,treatments,healing
acupuncture,chinese herbal medicine,moxibustion,traditional chinese medicine,oriental medicine,cupping,tui na,auricular acupuncture,gua sha,chinese medicine,digestive disorders
acute,snf,clinical governance,fall prevention,rehab,acute rehabilitation,long term acute care,allied health,geriatric rehabilitation,adl,neurorehabilitation
acute care,inpatient,medicalandsurgical,nursing,bls,critical care,patient safety,acls,nursing education,icu,hospitals
acute pain management,regional anesthesia,general anesthesia,interventional pain management,anesthesiology,cardiac anesthesia,perioperative,airway management,pain management,chronic pain,critical care medicine
acute rehabilitation,stroke rehabilitation,geriatric rehabilitation,neurorehabilitation,upper extremity,rehab,snf,fall prevention,orthopedic rehabilitation,rehabilitation,splinting
ad,gpo,chyron,encoders,motorola hardware,server 2012,exchange,fim,xenapp,category development,dfs
ad optimization,advertising operations,online advertising,ad serving,ad networks,realtime bidding,ad exchanges,dfp,rtb,demand side platform,doubleclick for publishers
ad serving,ad networks,rich media,advertising operations,ad exchanges,doubleclick,behavioral targeting,online advertising,mobile advertising,display advertising,dfp
ada,c,americans with disabilities act,adea,java,do178b,flsa,milstd1553,caml,assembleur,lisp
ada compliance,eeoandaa compliance,fmla,flsa,eeo investigations,eeo compliance,eeoc,adea,eeo reporting,americans with disabilities act,workplace harassment
adapt quickly to change,interact with all levels of management,work without supervision,grasp new concepts quickly,handle multiple priorities,get along well with others,quick thinker,learning quickly,thrives on challenges,computerliterate performer,multitasking capabilities
adaptability,flexibility,selfdiscipline,stress tolerance,includer,versatility,learning quickly,autonomous,morality,dynamism,positivity
adaptable,flexible,productive,sociable,confiable,versatile,decisive,responsable,dependable,resourceful,confident
adaptation,highly adaptable,diligent,calm,intelligent agents,integrity,determination,goal oriented,flexible working,result oriented,flexible schedule
adaptive,flexible working,fast learner,multitasker,persuasion skills,fast learning,stress resistant,hard worker,decisive,attention to detail,determined
adaptive leadership,adaptive learning,flexible approach,social intelligence,adapt quickly to change,cultural adaptation,easily adaptable,mission oriented,highly resourceful,high stress environment,followership
adaptive learning,adaptive leadership,cultural adaptation,flexible approach,mobile learning,digital learning,communication,timeefficient,educational games,organization skills,positive employee relations
adaptive reuse,architectural design,sustainable design,mixeduse,comprehensive planning,aia,design research,residential design,submittals,historic preservation,architecture
adaptive streaming,streaming media,live video streaming,live streaming,ott,wowza,iptv,drm,transcoding,content delivery,vod
addiction medicine,addiction psychiatry,neuropsychiatry,psychopharmacology,geriatric psychiatry,psychiatry,forensic psychiatry,addiction recovery,addictive disorders,medical education,treatment
addiction psychiatry,addiction medicine,forensic psychiatry,psychiatry,neuropsychiatry,psychopharmacology,geriatric psychiatry,child psychiatry,adolescent psychiatry,mental health,psychiatric care
addiction recovery,chemical dependency,relapse prevention,dual diagnosis,cooccurring disorders,group therapy,mental health counseling,anger management,substance use disorders,motivational interviewing,mental health
addie,instructional design,captivate,needs analysis,blended learning,ilt,instructorled training,learning management,learning management systems,elearning,lectora
adhesive bonding,adhesives,composite structures,polymer composites,silicones,composite applications,composites,surface treatment,carbon fiber,uv coating,sealants
adjudication,construction disputes,construction law,construction dispute resolution,fidic,dispute resolution,nec contracts,jct,cost planning,quantity surveying,cost reporting
adjustment of status,immigration law,naturalization,h1b,l1,labor certification,immigration issues,visas,citizenship,consular processing,e2
administration,administrative support,office management,office administration,administrative assistants,administrative assistance,spreadsheets,data entry,calendars,diary management,invoicing
administration management,administrative work,financial consulting,payroll management,human resources management,resettlement,statutory compliance,visual journalism,strong customer service skills,personal lines insurance,forcasting
administrative,administrative work,clerical,secretarial,commerciale,data capturing,serving,enquiries,artistic,faxing,ms publisher
administrative assistance,administrative assistants,office management,office administration,data entry,calendars,spreadsheets,calendaring,travel arrangements,outlook,customer service
administrative assistant,executive assistant,receptionist,secretary,legal secretary,office manager,customer service,typing 60 wpm,secretarial,administrative assistance,personal assistant
administrative law,litigation,legal research,legal writing,constitutional law,civil litigation,legal advice,international law,commercial litigation,corporate law,courts
administrative management,administrative organization,administrative processes,administrative functions,administrative professionals,executive administrative,executive administrative assistance,virtual administrative support,executive level administrative support,administrative activities,agenda
administrative office support,ordering office supplies,postage meter,executive level administrative support,high level of confidentiality,handle confidential information,meeting scheduling,office equipment operation,interact with all levels of management,message taking,executive administrative
administrative organization,administrative processes,administrative management,administrative activities,administrative functions,administrative capabilities,administrative professionals,general administrative duties,office operations,executive administrative,administrative office support
administrative support,administrative assistants,word,general office duties,excel,charts,billing,scheduling,administration,administrative duties,supplies
administrative work,general business administration,general administration,administrative capabilities,administrative duties,office administration,confidentiality,calendars,administration management,office equipment,administrative assistants
administrator,teacher,project leader,coordinator,researcher,analyst,educator,manager,office manager,social worker,conductor
ado,odbc,dao,adonet,activex,dcom,c,microsoft sql server,aspnet,asp,net
adobe,microsoft office,symantec,photoshop,corel,macromedia,nero,winzip,apple,avg,autodesk
adobe acrobat,pitstop,enfocus pitstop,quarkxpress,preflight,preps,prepress,prinergy,catalogs,structured authoring,mac
adobe acrobat pro,adobe acrobat,adobe indesign,adobe photoshop cs5,adobe photoshop,adobe illustrator,camtasia studio,microsoft onenote,adobe illustrator cs5,apa style,microsoft office
adobe acrobat professional,adobe acrobat,adobe indesign,adobe framemaker,adobe photoshop,adobe illustrator cs5,quickbooks pro,adobe photoshop cs5,adobe illustrator,trade show coordination,stampa
adobe after effect,adobe photoshop,adobe premiere,adobe illustrator,adobe indesign,adobe premier,autodesk maya,autodesk 3ds max,adobe premier pro,autodesk mudbox,adobe flash
adobe after effects,adobe premiere,adobe photoshop,adobe illustrator,adobe premiere pro,adobe flash,autodesk mudbox,autodesk maya,adobe dreamweaver,adobe indesign,adobe premier pro
adobe air,actionscript,flex,flash builder,puremvc,flash media server,mxml,cairngorm,blazeds,javascript,flashdevelop
adobe analytics,adobe marketing cloud,omniture,google analytics,web analytics,adobe experience manager,google tag manager,webtrends analytics,aandb testing,coremetrics analytics,digital analytics
adobe audition,audiovault,voxpro,music scheduling,nexgen,rcs selector,enco,radio producing,radio programming,radio host,radio broadcasting
adobe bridge,photoshop,lightroom,profoto,digital photography,indesign,nikon,hasselblad,capture one,darkroom,strobe lighting
adobe captivate,captivate,articulate storyline,adobe presenter,camtasia studio,articulate studio,camtasia,adobe elearning suite,articulate suite,adobe framemaker,learning management systems
adobe certified,adobe elearning suite,adobe creative suite,adobe livecycle,microsoft certified technology specialist,vmware certified professional 4,web analytics implementation,adobe cq,photoshop,adobe presenter,mct
adobe connect,adobe presenter,webex,captivate,camtasia,adobe elearning suite,articulate studio,adobe captivate,addie,learning management systems,lectora
adobe contribute,constant contact,microsoft office,enewsletter design,dreamweaver,enewsletter,pitching stories,adobe acrobat,narrative journalism,adobe livecycle designer,adobe presenter
adobe creative cloud,adobe creative suite,photoshop,graphic design,adobe muse,adobe photoshop cc,illustrator,indesign,adobe premiere pro cc,adobe edge,web design
adobe creative suite,typography,graphic design,layout,indesign,illustrator,logo design,graphics,posters,logos,brochures
adobe director,lingo,photoshop,flash,dreamweaver,adobe fireworks,adobe flash,poser,actionscript,adobe encore,premiere
adobe edge,photoshop,adobe muse,illustrator,dreamweaver,indesign,web design,muse,graphic design,flash,after effects
adobe edge animate,adobe muse,illustrator,photoshop,indesign,adobe illustrator,web design,dreamweaver,adobe flash,adobe after effects,css
adobe encore,after effects,photoshop,premiere,final cut pro,adobe after effects,video editing,adobe premiere,apple compressor,dvd studio pro,adobe audition
adobe experience manager,adobe cq,cq5,adobe marketing cloud,adobe cq5,adobe analytics,jcr,cq,hybris,akamai,javascript
adobe flash,adobe dreamweaver,adobe photoshop,adobe illustrator,animation flash,adobe after effects,adobe indesign,adobe premiere,flash,animation traditionnelle,progettazione interfaccia utente
adobe flex,flex,javascript,java,actionscript,adobe air,blazeds,mysql,mxml,hibernate,cairngorm
adobe freehand,photoshop,illustrator,indesign,freehand,quarkxpress,corel draw,dreamweaver,graphic design,imageready,pagemaker
adobe illustrator,progettazione logo,adobe photoshop,tipografia,conception de logo,design de logomarca,typographie,adobe indesign,identidade visual corporativa,illustrazione,illustration vectorielle
adobe lightroom,adobe photoshop,adobe indesign,photography,lightroom,adobe illustrator,adobe after effects,adobe bridge,digital photography,adobe premiere,photoshop
adobe marketing cloud,adobe analytics,adobe experience manager,omniture,web analytics,google analytics,aandb testing,digital analytics,digital marketing,exacttarget,google search appliance
adobe muse,adobe edge animate,photoshop,adobe edge,illustrator,indesign,graphic design,adobe creative suite,web design,adobe indesign,dreamweaver
adobe premier,adobe after effects,adobe after effect,photoshop,adobe photoshop,adobe audition,premiere,final cut pro,adobe indesign,adobe flash,video editing
adobe premier pro,adobe after effects,adobe after effect,final cut pro,photoshop,adobe indesign,video editing,adobe photoshop,adobe audition,premiere,adobe encore
adobe premiere,adobe after effects,adobe photoshop,adobe after effect,adobe illustrator,adobe flash,adobe encore,adobe photoshop lightroom,adobe dreamweaver,final cut pro,after effects
adobe premiere pro,adobe after effects,efectos especiales,photoshop,cortometrajes,documentales,after effects,premiere,final cut pro,textura,escribir guiones
adobe presenter,captivate,adobe connect,adobe captivate,articulate studio,adobe elearning suite,addie,camtasia,articulate storyline,elearning,learning management systems
adobe professional,microsoft office,adobe livecycle designer,efile,trial director,microsoft excel,adobe acrobat,autonomy imanage,dte,forms development,hummingbird dm
adolescent health,teen pregnancy prevention,contraception,public health,womens health,primary health care,reproductive health,family planning,colposcopy,physicals,nurse practitioners
adolescent literacy,adult literacy,early childhood literacy,teaching,digital literacy,curriculum design,teaching reading,teaching writing,curriculum development,literacy,common core state standards
adolescent psychiatry,child psychiatry,addiction psychiatry,forensic psychiatry,psychiatry,geriatric psychiatry,neuropsychiatry,psychopharmacology,psychiatric care,mental health,adult adhd
adolescent therapy,child therapy,family therapy,mental health counseling,group therapy,trauma therapy,treatment of depression,adolescents,psychotherapy,young adults,cooccurring disorders
adoption,paternity,foster care,adoption law,collaborative law,prenuptial agreements,domestic relations,guardianship,property division,equitable distribution,divorce law
adoption law,family law,divorce law,adoption,child custody,child support,guardianship,paternity,legal research,domestic relations,litigation
adsorption,porous materials,co2 capture,membrane separations,chemical engineering,bet,heavy metals,ion exchange,separations,pyrolysis,surface chemistry
adult,night photography,core measures,certified food manager,congenital heart disease,preceptor,humanistic,water survival,stuttering,mental health assessment,rapid response
adult education,distance learning,instructional design,retaining customers,higher education,elearning,campusvue,faculty development,curriculum development,curriculum design,enrollment management
adult learning theory,adult learning methodologies,addie,instructional design,job aids,instructorled training,learning theory,blended learning,needs analysis,learning management systems,captivate
adult literacy,adolescent literacy,adult education,early childhood literacy,adult learning methodologies,digital literacy,teaching adults,adult learning theory,esl,teaching english as a second language,literacy
adult social care,safeguarding adults,residential care,person centered planning,care planning,supportive housing,safeguarding,learning disabilities,support workers,looked after children,public sector
advance excel,macros,ms access,tally erp,primavera p3,pf,vlookup,vba,excel dashboards,macro,advanced sql
advance java,core java,c,java,html,servlets,javascript,jsp,sql,oracle 10g,mysql
advanced cardiac life support,basic life support,acls,healthcare,nursing,bls,hospitals,cpr certified,emergency room,pals,emergency medical technician
advanced excel,macros,basic sql,advanced sql,excel macros,ms access,sage 200,operations audit,financial projections,management information,financial modelling
advanced java,core java,c,java,html,sql,servlets,javascript,jsp,mysql,web designing
advanced process control,process control,alarm management,dcs,honeywell dcs,sis,model predictive control,process automation,foundation fieldbus,control systems design,triconex
advent,bloomberg,charles river ims,hedge funds,fund accounting,factset,fund administration,bloomberg terminal,morningstar direct,equities,morningstar
adventure,outdoor adventures,adventure education,adventure travel,rafting,mountaineering,travel,rock climbing,hiking,outdoors,camping
adventure education,outdoor education,experiential education,high ropes,outdoor recreation,canoeing,outdoor adventures,wilderness first responder,rock climbing,mountaineering,backpacking
adventure travel,vacation,honeymoons,leisure travel,tour operators,incentive travel,cruises,sustainable tourism,travel planning,leisure,travel management
advertisement,btl,sms marketing,essay writing,client profiles,live streaming,idiom,internal communication,microsoft office powerpoint,lifestyle portraits,sound for film
advertising,outdoor advertising,magazine advertising,advertising sales,interactive advertising,media buying,media planning,integrated marketing,interactive marketing,online advertising,social media marketing
advertising agency,advertising,digital marketing,agency relationship management,advertising management,online advertising,local advertising,marketing communications,above the line,marketing,managing agency relationships
advertising collateral,collateral materials development,advertising,designing marketing collateral,collateral design,marketing communications,marketing,development of promotional materials,email marketing,trade show signage,print collateral design
advertising copy,website copy,copywriting,sales letters,marketing copy,advertising,promotional copy,advertorials,product descriptions,copy editing,brochure development
advertising design,graphic design,publication design,logo design,package design,typography,editorial design,packaging design,page layout,indesign,illustrator
advertising law,intellectual property,copyright law,trademarks,unfair competition,trademark infringement,licensing,privacy law,trade dress,it law,anticounterfeiting
advertising management,advertising,marketing communications,marketing strategy,online advertising,digital marketing,media planning,marketing,social media marketing,advertising agency,integrated marketing
advertising photography,commercial photography,photography,portrait photography,fashion photography,digital photography,studio photography,corporate photography,editorial photography,portraits,industrial photography
advertising research,questionnaire design,copy testing,consumer behaviour,focus groups,primary research,quantitative research,questionnaires,marketing research,brand tracking,customer insight
advice,job search advice,general advice,antisocial behaviour,physical health,student welfare,casework,utilization,welfaretowork,redundancy advice,employment
advisement,first year experience,ecollege,student activities,student organizations,ferpa,student conduct,orientation programs,admissions counseling,student retention,higher education leadership
advisor,spaceman,strategic advisory,committee management,connector,student services,speaking engagements,moderator,consultant,saber,workshop design
advisory,financial advisory,strategic advisory,board,big four,ias 39,risk consulting,workshop delivery,sanctions,real estate valuation,consultancy services
advocacy,legislative advocacy,grassroots advocacy,disability rights,sexual violence,violence against women,issue advocacy,coalition building,homelessness,inquests,online advocacy
advocate,lawyer,child advocacy,victim services,law firms,tribunals,advocacy,domestic violence,community outreach,abuse prevention,cpi trained
advocate development,online advocacy,government advocacy,customer advocacy,environmental advocacy,health advocacy,child advocacy,advocacy,kol management,abuse prevention,disability studies
aerial cinematography,aerial photography,aerial surveys,cinematography,video production,video editing,underwater video,videography,steadicam,photography,timelapse
aerial photography,aerial cinematography,aerial surveys,photogrammetry,lidar,digital mapping,cartography,geomatics,imagery,arcinfo,esri
aerodynamics,wind tunnel testing,aerospace engineering,aeroelasticity,aircraft design,propulsion,flight dynamics,cfd,flight mechanics,aeroacoustics,turbulence
aeronautics,aircraft,airworthiness,aviation,aerospace,aircraft maintenance,overhaul,avionics,easa,aircraft systems,line maintenance
aerosol science,atmospheric chemistry,atmospheric science,atmospheric modeling,igor pro,particle size analysis,air pollution,air quality modeling,air filtration,air quality analysis,air quality
aes,rsa security,rsa,public key cryptography,xps,aas,stm,modular messaging,harmonized tariff schedule,avaya pbx,cryptography
aesthetic surgery,blepharoplasty,tummy tuck,breast augmentation,plastic surgery,liposuction,facelift,brow lift,rhinoplasty,body contouring,eyelid surgery
aesthetics,chemical peels,restylane,radiesse,perlane,laser resurfacing,prosthodontics,obagi,veneers,juvederm,sculptra
affiliate management,affiliate marketing,affiliate networks,online gambling,affiliate relations,bingo,cpl,igaming,poker,sportsbook,egaming
affiliate marketing,affiliate networks,affiliate management,ppc,conversion optimization,cpl,sem,online marketing,performance based marketing,online advertising,marketing de afiliados
affiliation,marketing en ligne,emailing,display,seo,marketing par email,affiliates,statistiques web,retargeting,marketing digital,sem
affinity,leap,biacore,sunrise clinical manager,eclipsys,filesite,seguro de vida,seguros,monoclonal antibodies,corretoria de seguros,antibodies
affinity chromatography,protein purification,size exclusion,sdspage,western blotting,ion chromatography,column chromatography,pcr,fplc,ion exchange,protein chromatography
affirmative action,eeo,fmla,eeoc,employee relations,sphr,union avoidance,benefits administration,onboarding,employee handbooks,new hire orientations
affirmative action compliance,eeoandaa compliance,employee relations,eeo reporting,equal employment opportunity,human resources,affirmative action,ofccp,eeo investigations,onboarding,fmla
affordable care act,health insurance exchanges,health care reform,health insurance,individual health insurance,medicare advantage,erisa,health care regulation,medicare prescription drug plans,cobra,vision insurance
affordable housing,lihtc,tax credits,section 8,fair housing,section 42,housing associations,tax credit compliance,amsi,onesite,housing management
african dance,modern dance,jazz dance,contemporary dance,hiphop dance,dance,street dance,latin dance,dance education,creative movement,choreography
african development,african studies,african markets,subsaharan africa,east africa,west africa,southern africa,international development,development studies,international relations,north africa
afrikaans,english,data capturing,pastel evolution,pastel partner,german,historical linguistics,translations,india,economie,romanian
aft fathom,aspen hysys,aspen plus,psv sizing,pandid development,pfd,hydraulic calculations,htri software,pandid,flarenet,chemical engineering
after effects,motion graphics,compositing,premiere,boujou,motion design,visual effects,computer animation,animation,rotoscoping,realflow
aged care,elder care,dementia care,dementia,superannuation,smsf,physiotherapy,paediatrics,rostering,business succession planning,personal insurance
agency management,integrated marketing,digital marketing,brand positioning,marketing communications,marketing,brand management,new product launch,brand advertising,brand strategy,consumer research
agency relationship management,managing agency relationships,agency coordination,agency agreements,marketing budget management,integrated marketing plans,marketing budget,marketing communications,advertising agency,brand management,marketing strategy
agenda,business correspondence,organizing meetings,meeting scheduling,minutes,executive support,calendars,expense reports,calendaring,executive administrative assistance,diary management
agenda development,minute taking,planning agendasandmeetings,minutes,executive calendar management,meeting scheduling,meeting planning,committee liaison,agenda,conference registration,organizational charts
agent for change,organizational change agent,turnaround experience,sme development,driving operational excellence,strategist,pull system,fiscal management,active listener,leadership,high quality standards
agile,agile methodologies,iterative,scrum,tdd,application development,j2ee,sql server,test director,jboss,software development
agile application development,agile web development,scrum,agile leadership,agile methodologies,java,software development,c,agile modeling,javascript,sql
agile coaching,scrum,agile methodologies,agile project management,certified scrum master csm,retrospectives,kanban,software project management,software development,lean software development,agile leadership
agile development,agile methodologies,scrum,java,product owner,object oriented programming,authorit,javascript,distributed applications,ceph,software development
agile leadership,retrospectives,agile methodologies,scrum,sprint planning,agile project management,sprints,agile modeling,roadmap creation,agile application development,agile coaching
agile methodology,agile methodologies,automation testing,ibm db2,handlebarsjs,requirement gathering,requirement analysis,data modelling,crucible,sequence diagrams,sdlc
agile modeling,agile methodologies,scrum,agile project management,agile leadership,unified process,uml,logical data modeling,extreme programming,agile testing,domain modeling
agile project management,agile methodologies,scrum,software project management,agile coaching,certified scrum master csm,software development,retrospectives,requirements analysis,sdlc,agile leadership
agile scrum,scrum,jta,ravendb,agile methodologies,bitbucket,log4net,checklists,sharepoint online,product owner,version one
agile testing,regression testing,test strategy,test planning,test execution,test management,exploratory testing,manual testing,defect tracking,test cases,integration testing
agile web development,javascript,agile application development,jquery,css,web development,scrum,git,agile leadership,rspec,pair programming
agility,plyometrics,performance enhancement,speed training,strength training,olympic lifting,athletic performance,core strength,functional training,sports training,weight training
aging,oxidative stress,gerontology,aging in place,dementia,older adults,neurodegenerative disease,alzheimers disease,mitochondria,senior living,c elegans
aging in place,senior services,independent living,universal design,companion care,caregiving,elder care,alzheimers disease,countertops,retirement homes,alzheimers care
agricultural economics,agricultural policy,agricultural marketing,agricultural research,agriculture,agribusiness,agricultural production,sustainable agriculture,agricultural machinery,precision agriculture,agricultural engineering
agricultural engineering,agricultural machinery,agricultural research,precision agriculture,agricultural marketing,agriculture,agricultural economics,agricultural production,irrigation management,sustainable agriculture,drip irrigation
agricultural extension,agriculture,agricultural production,sustainable agriculture,agricultural research,plant nutrition,rural development,agricultural marketing,soil fertility,nutrient management,agribusiness
agricultural machinery,precision agriculture,agricultural engineering,farm equipment,agricultural production,agricultural marketing,agriculture,agricultural economics,tractor,agricultural research,agribusiness
agricultural marketing,agricultural economics,agricultural production,agricultural research,agribusiness,agriculture,agricultural policy,agricultural machinery,agricultural extension,precision agriculture,contract farming
agricultural policy,agricultural economics,agricultural marketing,agricultural research,sustainable agriculture,agricultural extension,agriculture,agricultural production,agribusiness,food policy,rural development
agricultural production,plant nutrition,precision agriculture,plant protection,soil fertility,agriculture,contract farming,seed production,crop,sustainable agriculture,nutrient management
agricultural research,sustainable agriculture,agriculture,crop,agricultural marketing,plant pathology,agronomy,agricultural economics,agricultural extension,agricultural production,soil fertility
agriculture,agribusiness,agronomy,crop protection,corn,crop,farms,sustainable agriculture,agrochemicals,grain,vegetables
agriculture durable,agronomie,agroalimentaire,agriculture,recherche,sensibilisation environnementale,changement climatique,politique environnementale,gestion de projet,science de lenvironnement,sustainable agriculture
agronomy,crop protection,corn,agriculture,agribusiness,agrochemicals,crop,sustainable agriculture,farms,vegetables,seed production
ahu,chilled water,hvac,air conditioning,chillers,ducting,hvac controls,air conditioners,ventilation,cooling towers,refrigeration
aim,upk,uk gaap,imageright,idef0,airspace,vct,airspace management,group restructuring,banner finance,equity capital markets
air,puremvc,flex,as3,cairngorm,actionscript,flex builder,blazeds,flash builder,mxml,sdp
air assault,airborne school,airborne,combatives,military decision making process,pathfinder,military operations,army,combat,infantry tactics,military experience
air defense,missile defense,tactical data links,military operations,military,security clearance,surface warfare,dod,military experience,command,c4i
air filtration,dust collection,water filtration,filtration,aerosol science,dryers,compressed air,air conditioning,filters,hvac,nonwovens
air force,military,security clearance,dod,defense,military operations,top secret,c4isr,military experience,command,national security
air freight,freight forwarding,freight,ocean freight,forwarding,ocean,international logistics,customs regulations,transportation,logistics,transportation management
air pollution,air quality,air permitting,environmental engineering,emission,pollution prevention,air quality modeling,environmental compliance,environmental awareness,environmental impact assessment,environmental management systems
air quality,air permitting,environmental compliance,air pollution,environmental awareness,environmental consulting,environmental permitting,environmental auditing,environmental impact assessment,environmental management systems,air quality modeling
air quality analysis,air quality modeling,air quality,atmospheric chemistry,air pollution,environmental science,atmospheric science,emissions testing,air sampling,air monitoring,atmospheric modeling
air quality modeling,air quality analysis,air quality,air pollution,atmospheric modeling,environmental impact assessment,air permitting,environmental engineering,environmental science,environmental compliance,environmental consulting
air sampling,water sampling,soil sampling,air monitoring,leadbased paint,exposure assessment,industrial hygiene,indoor air quality,respirator fit testing,asbestos,environmental compliance
air traffic control,air traffic management,icao,airspace,aviation,airspace management,airports,civil aviation,flight safety,human factors,flights
air traffic management,air traffic control,aviation,airports,icao,human factors,civil aviation,radar,aviation operations,flight safety,aircraft
airbrush,artistry,makeup artistry,runway,glamour,bridal showers,special effects makeup,makeovers,cosmetics,photo shoots,beauty industry
aircraft,airworthiness,aviation,aircraft maintenance,flights,flight safety,commercial aviation,civil aviation,overhaul,flight planning,line maintenance
aircraft accident investigation,flight safety,aviation,aircraft,aircraft maintenance,human factors,flights,aircraft systems,airworthiness,commercial aviation,etops
aircraft design,aerospace engineering,aerospace,damage tolerance,aircraft,composites,aerodynamics,aeronautics,mscpatran,flight test,catia
aircraft finance,aircraft leasing,aviation law,aviation,commercial aviation,structured finance,airlines,aircraft,asset based finance,airline economics,business aviation
aircraft leasing,aviation,commercial aviation,airlines,aircraft,aircraft finance,civil aviation,aircraft maintenance,airworthiness,airports,business aviation
aircraft maintenance,line maintenance,airworthiness,aircraft,overhaul,aviation,aircraft systems,airframe,aircraft engines,easa,powerplant
aircraft management,aviation,aviation industry,aircraft,aircraft maintenance,flight operations,aviation maintenance,aviation operations,commercial aviation,aircraft performance,flights
aircraft performance,aircraft,flight operations,aircraft management,aviation,aviation operations,aerospace,aeronautics,flight mechanics,aviation industry,aircraft design
aircraft propulsion,aircraft engines,aerodynamics,propulsion systems,aircraft systems,aircraft maintenance,jet engines,flight mechanics,aerospace engineering,aircraft design,propulsion
airframe,powerplant,line maintenance,aircraft maintenance,aircraft systems,overhaul,aircraft,airworthiness,aircraft engines,aviation,aandp
airplane,multiengine,aviation,instrument rating,commercial aviation,ground instructor,aircraft,piloting,flight safety,flights,flight training
airplane multiengine land,first class medical,single engine land,instrument rating,cfii,multiengine,mei,airplane,piloting,aviation,flight training
airport construction,airport development,pavement rehabilitation,civil engineering,construction management,airport management,construction,asphalt paving,airports,airport planning,building bridges
airport development,airport construction,airport management,airports,airport planning,aviation,airline economics,airport operations,icao,ground handling,aviation security
airport management,airports,aviation,airlines,aviation security,commercial aviation,airline management,flights,civil aviation,iata,ground handling
airway management,intubation,blood gas,mechanical ventilation,cpap,prehospital care,oxygen therapy,pulse oximetry,ventilators,acls,pepp
airworthiness,aircraft,aircraft maintenance,aviation,overhaul,line maintenance,aeronautics,commercial aviation,easa,civil aviation,aircraft systems
airworthiness certification,airworthiness,aircraft,aerospace,aircraft maintenance,easa,aviation,aeronautics,avionics,aircraft systems,aircraft interiors
aix,pseries,hacmp,ibm aix,lpar,powervm,nim,vios,hmc,hpux,tsm
aix administration,vios,hacmp,nim,hmc,powervm,ibm pseries,lpar,tsm administration,ibm aix,ibm power
akka,scala,java,play framework,sbt,functional programming,maven,spring,netty,hazelcast,apache kafka
alarm management,sis,advanced process control,dcs,foundation fieldbus,honeywell dcs,triconex,fieldbus,safety instrumented systems,process control,process automation
albanian,italian,greek,english,croatian,serbian,bulgarian,serbocroatian,balkans,turkish,german
alchemy,quantum theory,comparative religion,shamanism,cairngorm,potatoes,tantra,mythology,dream interpretation,zen,corel painter
alcohol,alcohol awareness,alcohol licensing,alcoholism,responsible service of alcohol,liquor stores,alcoholic beverages,spirits,addictions,forensic toxicology,mixology
alcohol awareness,alcohol licensing,alcoholism,substance abuse prevention,responsible service of alcohol,servsafe alcohol certified,drug testing,addiction recovery,addictive disorders,tobacco control,alcoholic beverages
alcoholism,addictions,addiction recovery,alcohol awareness,addictive disorders,substance abuse prevention,substance use disorders,relapse prevention,depression,anxiety disorders,suicide intervention
ale,idoc,abap,bapi,smartforms,sap badi,rfc,user exits,sap erp,sapscript,alv
aleph,oclc connexion,lcsh,aacr2,marc21,library of congress classification,koha,academic libraries,library science,libguides,contentdm
alexander technique,posture,back pain,wellbeing,neck pain,movement,bodywork,stress,holistic health,chronic pain,stress management
alfresco,liferay,tomcat,java,jbpm,ecm,spring,freemarker,enterprise content management,hibernate,java enterprise edition
algae,biofuels,aquaculture,marine biology,aquatic ecology,biodiesel,fish,bioreactor,biodiesel production,limnology,fisheries science
algebra,geometry,precalculus,trigonometry,mathematics education,calculus,tutoring,number theory,linear algebra,mathematics,differential equations
algor,solidworks,autocad,finite element analysis,cosmos,solid edge,inventor,cosmos fea,mathcad,mechanical engineering,proandmechanica
algorithm analysis,algorithm optimization,algorithm design,c,algorithm development,java,data structures,discrete mathematics,distributed algorithms,graph theory,python
algorithm design,algorithm analysis,algorithm optimization,c,algorithms,algorithm development,optimization algorithms,machine learning,data structures,pattern recognition,artificial intelligence
algorithm development,algorithm optimization,algorithm analysis,algorithm design,algorithms,c,signal processing,imaging science,image processing,matlab,parallel algorithms
algorithm optimization,algorithm analysis,algorithm development,algorithm design,c,parallel algorithms,algorithms,computational geometry,genetic algorithms,evolutionary algorithms,java
algorithmic trading,trading system,high frequency trading,electronic trading,statistical arbitrage,trading systems,quantitative finance,kdb,quantitative investing,program trading,derivatives
alias,keyshot,industrial design,showcase,sketching,product design,photoshop,sketchbook pro,solidworks,alias studio tools,icem surf
alias automotive,class a surfacing,alias studio tools,clay modelling,automotive design,icem surf,industrial design,keyshot,sketchbook pro,hypershot,surface modeling
alignment,business alignment,organizational change,corporate culture,change leadership,executive assessment,engagement,brakes,talent development,talent assessment,executive development
alimony,family law,child support,property division,child custody,prenuptial agreements,divorce law,domestic relations,paternity,equitable distribution,separation agreements
allegro,pads,board layout,schematic capture,pcb design,signal integrity,orcad,cadence,orcad capture cis,pads layout,cadence schematic capture
allemand,anglais,italien,traduction,russe,communication interculturelle,espagnol,anglais professionnel,traduction technique,services linguistiques,chinois
allen bradley,plc,control logic,controllogix,devicenet,controlnet,hmis,automation,dh,wonderware,modicon
allergy,pulmonology,asthma,buy and bill,endocrinology,rheumatology,hypertension,obandgyn,gastroenterology,osteoporosis,nephrology
allergy testing,immunotherapy,food allergies,allergy,eczema,asthma,allergens,spirometry,autoimmune diseases,hormone balancing,immunology
alliance marketing,partner programs,partner marketing,strategic alliances,global alliances,demand generation,global alliance management,enterprise marketing,business alliance development,business alliances,comarketing
allied health,nurse recruitment,healthcare,medical staffing,phillips,arrt,pediatric radiology,snf,carm,dexa,computed radiography
allocation,replenishment,retail math,stores,assortment,buying,merchandising,merchandising strategies,retek,cpfr,jda
alternative dispute resolution,dispute resolution,dispute,mediation,litigation,collaborative law,arbitration,professional negligence,civil litigation,commercial litigation,prenuptial agreements
alternative education,pbis,student discipline,standardized testing,charter schools,middle school,teacher evaluation,college applications,data driven instruction,k12 education,special education
alternative energy,renewable energy,sustainable energy,cleantech,solar energy,photovoltaics,wind,energy efficiency,solar thermal,energy,clean technology
alternative medicine,holistic health,herbal,healing,insomnia,energy healing,digestive disorders,wellbeing,detoxification,chronic illness,energy work
alternative rock,hard rock,classic rock,country music,rock music,music,lead guitar,rhythm guitar,blues guitar,electric guitar,jazz band
alto saxophone,tenor saxophone,bass clarinet,clarinet,saxophone,flute,piccolo,jazz improvisation,bassoon,oboe,woodwind
aluminium,aluminum,facade,werkstoffe,stainless steel,curtain wall,arbeitssicherheit,aluminum alloys,prozesssteuerung,beschaffung,metals
aluminum,stainless steel,metals,alloys,steel,curtain wall,metallurgy,rolling,aluminum alloys,glazing,facade
always on time,willing to go the extra mile,always willing to learn,fast learner,exceptionally well organized,easy to talk to,sense of responsibility,dependent,works well with people,hard worker,friendliness
always punctual,friendly personality,always willing to learn,dependable team player,highly responsible,highly reliable,learning quickly,close attention to detail,organized multitasker,enthusiasm to learn,fastpaced
always willing to learn,willing to go the extra mile,always punctual,always on time,learning quickly,friendly personality,enthusiasm to learn,dependable team player,positive cando attitude,highly responsible,highly reliable
amateur photographer,amateur radio operator,amateur radio,reporter,fire control systems,videographer,idvd,world traveler,photographers,open water diver,watercolor artist
amateur radio,amateur radio operator,emergency communications,severe weather,radio communication,twoway radio,community emergency response team,amateur photographer,hseep,eoc,weather radar
amateur radio operator,amateur radio,community emergency response team,amateur photographer,fcc license,is700,is100,radio communication,severe weather,eoc,is200
amazon,ebay sales,ebay,ebay api,online marketplace,volusion,comparison shopping engines,paypal,ecommerce,amazon cloudfront,craigslist
amazon cloud,amazon web services aws,ec2,cloud computing,rackspace cloud,s3,private cloud,hybrid cloud,mysql,amazon ec2,linux
amazon kindle,epub,ebooks,selfpublishing,publishing technology,paranormal romance,ipod touch,historical fiction,ipad,online publishing,sgml
ambient media,workamajig,campaign concepting,guerrilla marketing,street marketing,outdoor advertising,ooh,print ads,attribution modeling,advertising,creative technology
ambition,passion,enthusiasm,confidence,punctuality,drive,commitment,initiative,rigueur,determination,commitments
ambitious,confident,determined,communicative,motivated,energetic,dedicated,responsible,enthusiastic,productive,versatile
ambulance,emergency medical,paramedic,phtls,ems,emergency services,pepp,ems education,prehospital care,emergency vehicle operator course,nremt
ambulatory,cpoe,golive,clindoc,emr,ehr,epic systems,optime,healthcare information technology,ambulatory care,healthcare
ambulatory care,clindoc,ambulatory,golive,optime,cpoe,anticoagulation,go live support,asap,epic systems,healthcare
ambulatory surgery,outpatient surgery,healthcare,perioperative nursing,perioperative,hospitals,cnor,post anesthesia care,pacu,surgery,recovery room
american board of internal medicine,internal medicine,board certified,hospital medicine,medicine,medical education,hospitalists,critical care medicine,physicians,healthcare,urgent care
american cuisine,french cuisine,international cuisines,asian cuisine,italian cuisine,saute,culinary skills,menu development,culinary education,recipe testing,japanese cuisine
american english,british english,english grammar,academic english,english language skills,business english,american literature,english literature,teaching english as a second language,brazilian portuguese,englishspanish
american history,world history,historical research,history,oral history,public history,european history,archival research,historical interpretation,pastperfect,military history
american literature,british literature,english literature,literary criticism,literature,teaching writing,english composition,literary theory,english grammar,comparative literature,grammar
american politics,british politics,comparative politics,american history,political science,politics,state politics,political philosophy,global politics,european politics,political campaigns
american sign language,deaf culture,sign language,interpreting,conference interpreting,simultaneous interpretation,consecutive interpretation,asl,assistive listening devices,augmentative communication,braille
ami,smart metering,smart grid,meters,demand response,meter data management,electric power,energy,metering,energy management,demandside management
ammonia,ammonia refrigeration,fertilizers,process safety,hazop study,petrochemical,pandid,plant operations,hazop,gas processing,chemical engineering
ammonia refrigeration,refrigeration,ammonia,psm,cold storage,steam boilers,hvac,preventive maintenance,cooling water,condensers,cooling towers
amos,lisrel,structural equation modeling,spss,mplus,aog,nvivo,ericsson oss,quantitative research,item response theory,multivariate statistics
anaerobic digestion,biogas,waste to energy,activated sludge,wastewater treatment,biomass,renewable energy,waste treatment,waste management,bioenergy,anaerobic microbiology
anaerobic microbiology,microbiology,environmental microbiology,microbial ecology,molecular biology,pcr,anaerobic digestion,molecular microbiology,industrial microbiology,environmental biotechnology,medical microbiology
analogue,semiconducteur,semiconducteurs,analog,analog circuit design,asic,mixed signal,electronics,bicmos,digital electronics,microelectronics
analyse,ecoute,formidling,rigueur,autonomie,projektledelse,organisation,dynamisme,relationnel,gestion,onderzoek
analyses,gestion de projet,gestion des risques,analyste commercial,politiques,gouvernement,recherche,reporting financier,finance dentreprise,planification de projets,statistiques
analysis,strategic analysis,data analysis,category analysis,business analysis,financial analysis,metrics analysis,finance,management,variance analysis,process improvement
analyst,administrator,researcher,lcmsandms,consultant,journalist,planner,keynote speaker,educator,opening new accounts,chemstation
analyst notebook,cidne,falconview,intelligence analysis,palantir,allsource analysis,intelligence community,humint,intelligence,siprnet,allsource intelligence
analytic thinking,thinking outside the box,bigpicture thinking,visual thinking,logical thinker,free thinking,strategic thinking,critical thinking,information seeking,quick thinker,inductive reasoning
analytical,analytical skills,cpsm,logical,decisive,diplomatic,productive,learner,communicative,practical,organized
analytical approach,analytical skills,detail orientation,results focused,stress resistant,influential,highly adaptable,innovative problem solver,quality oriented,innovative thinking,attention to detail
analytical biochemistry,biochemistry,protein purification,molecular biology,hplc,protein assays,protein chromatography,analytical chemistry,microbiology,biotechnology,mass spectrometry
analytical capability,organizational capability,building organizational capability,thrives on challenges,flexible approach to work,solution orientated,capability development,vantive,third party relationships,client focus,leadership accountability
analytical chemistry,hplc,chemistry,chromatography,gas chromatography,wet chemistry,uvandvis,lcms,organic chemistry,gcms,mass spectrometry
analytical method validation,analytical methods development,method transfer,hplc,method development,stability studies,analytical chemistry,dissolution,instrument validation,usp,gmp
analytical reasoning,deductive reasoning,inductive reasoning,reasoning skills,analytical writing,logical thinker,critical thinking,logical approach,argumentation,high technical aptitude,attentiveness to detail
analytical thinking,conceptual thinking,analytical skills,team collaboration,dependability,customer orientation,initiative,stress tolerance,complex problem solving,managing change,inductive reasoning
analytical writing,analytical reasoning,independent research,creative writing,research,academic editing,critical reading,reasoning,argumentation,critical thinking,persuasive communication
analytics,predictive analytics,predictive modeling,chaid,customer analysis,segmentation,marketing mix modeling,customer analytics,business analytics,omniture,database marketing
analyze information,requirements workshops,resolving conflicts,adapt quickly to change,timely execution,information gathering,maintenance inspections,written expression,research information,persuader,prioritize workload
analyzer,nemo,actix,network performance,tems investigation,tems,fandg,transmitters,radio network planning,drive test,hsupa
anatomic pathology,surgical pathology,pathology,cytopathology,hematopathology,clinical pathology,histopathology,dermatopathology,laboratory medicine,molecular pathology,cytology
anatomy,physiology,human anatomy,medical illustration,myofascial,neuromuscular,throat cultures,trigger point therapy,hydrotherapy,chair massage,myofascial release
ancient greek,latin,ancient history,ancient philosophy,roman history,classics,greek,biblical hebrew,koine greek,mythology,history
ancient history,ancient greek,roman history,latin,ancient philosophy,classics,archaeology,history,mythology,medieval history,historical archaeology
ancient philosophy,history of philosophy,ancient greek,continental philosophy,philosophy of mind,ancient history,philosophy of language,philosophy,political philosophy,philosophy of science,philosophy of religion
ancillary relief,cohabitation,cohabitation agreements,family law,separation,legal advice,prenuptial agreements,children matters,injunctions,divorce law,dispute
anda,generic programming,dissolution,regulatory affairs,sop,pharmaceutics,formulation,gmp,glp,pharmaceutical industry,cleaning validation
android,brew,ios,j2me,android ndk,ndk,java,android studio,symbian,android development,windows mobile
android application development,java,iphone application development,c,android development,mobile application development,javascript,web application development,android,bash scripting,php development
android development,java,android sdk,windows phone development,ios development,android studio,c,iphone application development,ndk,j2me development,android
android studio,java,eclipse,android development,android sdk,android,gradle,sqlite,c,material design,git
anesthesia,euthanasia,soft tissue surgery,regional anesthesia,client education,general anesthesia,veterinary public health,anesthesiology,cardiac anesthesia,veterinary,avimark
anesthesiology,regional anesthesia,cardiac anesthesia,general anesthesia,anesthesia,critical care medicine,interventional pain management,medical education,acute pain management,medicine,board certified
anger management,life transitions,selfesteem,mental health counseling,family therapy,psychotherapy,cbt,group therapy,mental health,post traumatic stress,adolescents
angiogenesis,molecular biology,cell culture,cell biology,cancer research,western blotting,immunohistochemistry,confocal microscopy,biochemistry,animal models,immunofluorescence
angiography,cardiovascular imaging,medical imaging,radiology,computed tomography,fluoroscopy,pediatric radiology,cardiac cath,musculoskeletal radiology,interventional radiology,peripheral vascular
angular,javascript,jquery,css,nodejs,knockout,node,git,grunt,yeoman,mysql
animal behavior,animal welfare,animal husbandry,animal work,dogs,pets,animal nutrition,euthanasia,soft tissue surgery,veterinary,client education
animal breeding,quantitative genetics,animal science,animal husbandry,animal feed,animal nutrition,animal health,pigs,animal welfare,equine reproduction,animal behavior
animal care,pet care,animal health,animal handling,pet,animal training,animal welfare,veterinary nursing,animal behavior,veterinary technology,animal science
animal communication,separation anxiety,clicker training,puppies,obedience,pet first aid,dog aggression,animal training,animal behavior,equine massage,boarding
animal feed,ruminant nutrition,swine,animal nutrition,poultry,pigs,beef,dairy science,livestock,cattle,agriculture
animal handling,animal care,animal work,animal health,animal husbandry,animal behavior,animal welfare,dissection,grooming,western blotting,immunohistochemistry
animal health,veterinary,veterinary medicine,pet,animal nutrition,animal care,pet care,animal welfare,equine,animal husbandry,pets
animal husbandry,animal welfare,animal behavior,animal nutrition,animal work,veterinary medicine,veterinary,euthanasia,veterinary public health,soft tissue surgery,client education
animal nutrition,veterinary medicine,euthanasia,animal welfare,veterinary,animal husbandry,soft tissue surgery,animal behavior,pets,dogs,veterinary public health
animal rescue,animal rights,animal welfare,animal care,wildlife rehabilitation,animal training,animal behavior,dog training,animal handling,dog behavior,pets
animal science,animal husbandry,animal nutrition,ruminant nutrition,animal welfare,animal behavior,swine,animal surgery,animal work,animal feed,veterinary medicine
animal surgery,euthanasia,rabbit,vaccinations,dental prophylaxis,animal behavior,soft tissue surgery,laboratory animal medicine,veterinary pathology,avimark,veterinary medicine
animal training,animal behavior,clicker training,separation anxiety,obedience,zoo,puppies,animal welfare,animal husbandry,dog aggression,dog behavior
animal welfare,animal behavior,euthanasia,veterinary,pets,soft tissue surgery,veterinary medicine,dogs,animal nutrition,animal husbandry,veterinary public health
animal work,animal behavior,animal husbandry,animal welfare,veterinary,veterinary medicine,pets,dogs,animal nutrition,client education,euthanasia
animation,facial animation,character animation,traditional animation,computer animation,previsualization,compositing,animation direction,character rigging,toon boom,visual effects
animation de formation,animation datelier,gestion de projet,formation,accompagnement,formation continue,coordination de projet,offre de formation,coaching professionnel,recrutement,gestion de la relation avec les partenaires
animation direction,animation,character animation,traditional animation,computer animation,storyboarding,background art,toon boom,cartoons,facial animation,compositing
animation flash,animation traditionnelle,adobe photoshop,animation personnage,storyboard,graphisme,animation informatique,adobe flash,adobe illustrator,illustration vectorielle,conception de logo
anime,manga,japanese culture,anime studio,manga studio,paint tool sai,comics,video games,graphic novels,comic art,comic books
anime studio,photoshop,toon boom,manga studio,after effects,animation,character animation,anime,computer animation,tvpaint,traditional animation
ankle,foot surgery,foot,heel pain,diabetic foot care,sports medicine,podiatry,elbow,hip,orthotics,gait analysis
annual campaign,major gift campaigns,fundraising,major gift cultivation,major donor cultivation,major gift solicitations,annual giving,nonprofits,capital campaign management,board development,volunteer management
annual fund,annual giving,fundraising,major gift development,capital campaigns,stewardship,planned giving,capital campaign management,alumni relations,philanthropy,major gift solicitations
annual giving,planned giving,stewardship,fundraising,philanthropy,capital campaigns,annual fund,major gift development,volunteer management,nonprofits,board development
annuity,annuities,retirement,fixed annuities,retirement planning,insurance planning,insurance,wealth transfer,iras,retirement income strategies,retirement solutions
anomaly detection,machine learning,svm,unsupervised learning,data mining,satellite systems engineering,deep learning,pattern recognition,neural networks,orbital mechanics,principal component analysis
ansa,hypermesh,lsdyna,nastran,cae,abaqus,radioss,crashworthiness,finite element analysis,optistruct,hyperworks
ant,junit,maven,tomcat,apache ivy,java,spring,hibernate,java enterprise edition,jdbc,jms
antenna design,antennas,hfss,cst microwave studio,electromagnetics,feko,rf design,rf,network analyzer,antenna measurements,rf engineering
anthropology,archaeology,cultural resource management,lithic analysis,cultural anthropology,archaeological survey,artifact analysis,historical archaeology,prehistoric archaeology,section 106,ethnography
antibacterial,pharmaceutical sales,hospital sales,sales effectiveness,pharmaceutical industry,kol development,market access,infection,antibiotics,cardiology,pharmaceutics
antibiotic resistance,bacterial genetics,microbiology,bacterial identification,bacterial culture,biofilms,molecular microbiology,antimicrobial resistance,bacteriology,medical microbiology,molecular epidemiology
anticipation,rigueur,autonomie,aisance relationnelle,sens de lorganisation,ecoute,autonomous,dynamisme,organisation,conseil,highly articulate
antique furniture,antique restoration,modern furniture,fine furniture,antiques,bedroom furniture,custom furniture,furniture,collectibles,interior design,furnishings
antique restoration,antique furniture,antiques,fine furniture,refinishing,bedroom furniture,modern furniture,custom furniture,upholstery,gilding,woodworking
antisocial behaviour,housing management,tenancy management,housing associations,social housing,multiagency working,supportive housing,behaviour management,housing development,rent collection,physical health
antitrust,competition law,merger control,complex litigation,litigation,eu competition law,commercial litigation,telecommunications law,economic regulation,intellectual property,antitrust law
antitrust law,merger control,competition law,eu competition law,corporate law,litigation,commercial litigation,intellectual property,eu law,antitrust,unfair competition
antivirus,workstations,active directory,windows server,laptops,dhcp,spyware,group policy,antispam,servers,dns
anxiety,depression,bereavement,trauma,selfesteem,psychotherapy,life transitions,post traumatic stress,social anxiety,ptsd,low self esteem
anxiety management,depression treatment,treatment of depression,social anxiety,generalized anxiety,panic disorder,low self esteem,adjustment disorders,post traumatic stress,trauma therapy,selfesteem
apa,mla style,chicago style,apa style,chicago manual,citations,grammar,proofreading,academic editing,copy editing,ap style
apa style,mla style,chicago style,apa,chicago manual,ap style,editing,proofreading,copy editing,academic editing,developmental editing
apache,bind,postfix,nginx,mysql,lighttpd,proftpd,dovecot,sendmail,qmail,lamp
apache ant,java,apache maven,apache subversion,maven,apache tomcat,javascript,hibernate,spring framework,java ee,javaserver pages
apache camel,java,apache cxf,servicemix,hibernate,activemq,spring framework,maven,spring,jboss esb,java enterprise edition
apache commons,java,spring,tomcat,maven,hibernate,junit,ant,log4j,java enterprise edition,ehcache
apache derby,java,mysql,eclipse,tomcat,h2,javascript,apache commons,hibernate,jsp,hsqldb
apache ivy,ant,java,maven,artifactory,junit,spring,tomcat,hibernate,jenkins,eclipse
apache kafka,apache storm,apache zookeeper,apache spark,hadoop,java,flume,cassandra,hbase,hive,apache pig
apache pig,hadoop,hive,sqoop,oozie,flume,hbase,mapreduce,hdfs,apache zookeeper,apache spark
apache spark,hadoop,apache kafka,scala,apache storm,hive,apache pig,hbase,mapreduce,python,sqoop
apache storm,apache kafka,hadoop,apache spark,java,hbase,hive,apache zookeeper,cassandra,apache pig,oozie
apache subversion,mysql,javascript,java ee,java,javaserver pages,servicios web,apache ant,representational state transfer,javaserver faces,desarrollo web
apache tomcat,apache maven,apache struts,java,servidor apache,apache ant,jsf,hibernate,mysql,javascript,tomcat
apache velocity,java,javascript,hibernate,apache tiles,maven,tomcat,spring,jquery,jsp,spring framework
apache web server,apache,mysql,linux,bash scripting,oracle weblogic,apache tomcat,ibm http server,javascript,eclipse ide,php
aperture,ilife,ipod,itunes,iwork,apple aperture,iphoto,apple certified,apple certified technician,keynote,os x
apex,forcecom,soql,oracle application express,visual force,visualforce pages,sfdc,salesforcecom certified developer,apex data loader,apex programming,salesforcecom
apex data loader,apex programming,visualforce pages,visual force,soql,forcecom,salesforcecom certified developer,certified salesforcecom developer,salesforcecom,salesforcecom development,sfdc
aphasia,dysphagia,dysarthria,apraxia,speech therapy,language disorders,voice disorders,oral motor,aac,communication disorders,articulation
apis,api,javascript,api 570,facebook api,jquery,json,twitter api,rest,api 510,git
apollo,sabre,travel technology,car rental,galileo,gds,business travel,travel management,ticketing,online travel,travel insurance
apologetics,biblical studies,discipleship,theology,preaching,gospel,church growth,pastoral care,pastoral counseling,pastoral,missions
apparel,trend,denim,wovens,fashion,trend analysis,sportswear,outerwear,knitwear,fit,tech packs
apparel design,fashion design,apparel graphics,apparel sourcing,fashion illustration,pattern making,sewing,draping,illustrator,graphic design,apparel
apparel graphics,graphic design,apparel,illustrator,graphics,logo design,illustration,adobe creative suite,typography,screen printing,logos
appellate advocacy,appellate litigation,litigation,trial advocacy,legal research,appeals,legal writing,civil litigation,courts,trials,trial practice
appellate litigation,litigation,appellate advocacy,appeals,civil litigation,courts,legal writing,legal research,commercial litigation,complex litigation,trial practice
appellate practice,appeals,litigation,civil litigation,trial practice,trials,courts,legal writing,legal research,jury trials,torts
apple,ipad,imac,macbook pro,iphone,apple remote desktop,macbook,ipod touch,ios,apple certified,iphone support
apple aperture,aperture,itunes,ilife,ipod,iphoto,apple certified,iwork,apple certified technician,apple remote desktop,keynote
apple certified,apple certified technician,ipod,ilife,itunes,apple remote desktop,aperture,mac os x server,iwork,apple aperture,iphoto
apple certified technician,apple certified,ipod,ilife,itunes,iwork,os x,iphoto,ios,apple remote desktop,iphone
apple color,final cut pro,apple compressor,davinci resolve,apple motion,color grading,after effects,color correction,video editing,dvd studio pro,soundtrack pro
apple compressor,final cut pro,apple motion,mpeg streamclip,apple color,dvd studio pro,video editing,sorenson squeeze,soundtrack pro,avid media composer,final cut studio
apple developer,ios development,xcode,objectivec,iphone application development,ios design,ipod touch,app store,android development,uikit,ios
apple keynote,apple pages,apple numbers,apple safari,apple aperture,microsoft word,microsoft excel,pixelmator,keynote,apple compressor,apple motion
apple motion,final cut pro,apple compressor,apple color,video editing,soundtrack pro,after effects,livetype,video production,photoshop,final cut studio
apple os,apple safari,apple remote desktop,apple certified,iphone support,macintosh hardware,apple support,blackberry os,apple,apple aperture,microsoft office
apple safari,google chrome,firefox,apple numbers,apple pages,internet explorer,apple os,mozilla,apple software,macbook,ipod touch